<?xml version="1.0" encoding="UTF-8"?>
<beans xmlns="http://www.springframework.org/schema/beans"
	xmlns:xsi="http://www.w3.org/2001/XMLSchema-instance"
	xmlns:mybatis-spring="http://mybatis.org/schema/mybatis-spring"
	xmlns:context="http://www.springframework.org/schema/context"
	xsi:schemaLocation="http://mybatis.org/schema/mybatis-spring http://mybatis.org/schema/mybatis-spring-1.2.xsd
		http://www.springframework.org/schema/beans https://www.springframework.org/schema/beans/spring-beans.xsd
		http://www.springframework.org/schema/context http://www.springframework.org/schema/context/spring-context-4.3.xsd">
	
	<!-- Root Context: 모든 다른 웹 컴포넌트에서 볼 수 있는 공유 리소스를 정의 -->
	
    <!-- HikariCP 설정 -->
     <bean id="hikariConfig" class="com.zaxxer.hikari.HikariConfig">
         <property name="driverClassName" value="net.sf.log4jdbc.sql.jdbcapi.DriverSpy" />
         <property name="jdbcUrl" value="jdbc:log4jdbc:mysql://localhost:3306/bbs" />
         <property name="username" value="root"/>
         <property name="password" value="1234"/>
     </bean>		
     
      <!-- HikariCP DataSource 설정 -->
     <bean id="dataSource" class="com.zaxxer.hikari.HikariDataSource" destroy-method="close">
       <constructor-arg ref="hikariConfig"> </constructor-arg>
     </bean>
     
       
    <!-- MyBatis SqlSessionFactory 설정 -->
    <bean id="sqlSessionFactory" class="org.mybatis.spring.SqlSessionFactoryBean">
       <property name="dataSource" ref="dataSource"></property>   
    </bean>
    
    
    <!-- MyBatis Mapper 스캐닝 설정 -->
    <mybatis-spring:scan base-package="com.dino.mapper"/>
 
</beans>
